<?xml version="1.0" encoding="utf-8" ?>
<Patch>
		<Operation Class="PatchOperationSequence">
			<operations>
			<li Class="PatchOperationAdd">
				<xpath>/Defs/ThingDef[defName = "HMW_MeleeWeapon_HeavyMonoSword"]</xpath>
					<value>
						<costList>
							<Plasteel>70</Plasteel>
							<ComponentSpacer>4</ComponentSpacer>
							<Uranium>20</Uranium>
						</costList>
					</value>
			</li>

			<li Class="PatchOperationAdd">
				<xpath>/Defs/ThingDef[defName = "HMW_MeleeWeapon_HeavyMonoSword"]</xpath>
					<value>
						<recipeMaker>
							<researchPrerequisites><li>HMW_RoyalArmaments</li></researchPrerequisites>
							<skillRequirements><Crafting>7</Crafting></skillRequirements>
							<workSkill>Crafting</workSkill>
							<workSpeedStat>GeneralLaborSpeed</workSpeedStat>
							<recipeUsers><li>FabricationBench</li></recipeUsers>
							<unfinishedThingDef>UnfinishedGun</unfinishedThingDef>
						</recipeMaker>
					</value>
			</li>
			
			<li Class="PatchOperationAdd">
				<xpath>/Defs/ThingDef[defName = "HMW_MeleeWeapon_HeavyMonoSword"]/statBases</xpath>
					<value>
							<WorkToMake>80000</WorkToMake>
					</value>
			</li>

	<!--Flamelance-->
			<li Class="PatchOperationAdd">
				<xpath>/Defs/ThingDef[defName = "HMW_MeleeWeapon_FlameLance"]</xpath>
					<value>
						<costList>
							<Plasteel>80</Plasteel>
							<ComponentSpacer>6</ComponentSpacer>
							<Uranium>30</Uranium>
							<Chemfuel>180</Chemfuel>
						</costList>
					</value>
			</li>

			<li Class="PatchOperationAdd">
				<xpath>/Defs/ThingDef[defName = "HMW_MeleeWeapon_FlameLance"]</xpath>
					<value>
						<recipeMaker>
							<researchPrerequisites><li>HMW_RoyalArmaments</li></researchPrerequisites>
							<skillRequirements><Crafting>7</Crafting></skillRequirements>
							<workSkill>Crafting</workSkill>
							<workSpeedStat>GeneralLaborSpeed</workSpeedStat>
							<recipeUsers><li>FabricationBench</li></recipeUsers>
							<unfinishedThingDef>UnfinishedGun</unfinishedThingDef>
						</recipeMaker>
					</value>
			</li>
			
			<li Class="PatchOperationAdd">
				<xpath>/Defs/ThingDef[defName = "HMW_MeleeWeapon_FlameLance"]/statBases</xpath>
					<value>
							<WorkToMake>80000</WorkToMake>
					</value>
			</li>

<!-- Heavy zeus hammer -->
			<!-- <li Class="PatchOperationAdd">
				<xpath>/Defs/ThingDef[defName = "HMW_MeleeWeapon_HeavyZeushammer"]</xpath>
					<value>
						<costList>
							<Plasteel>75</Plasteel>
							<ComponentSpacer>4</ComponentSpacer>
							<Uranium>5</Uranium>
						</costList>
					</value>
			</li>

			<li Class="PatchOperationAdd">
				<xpath>/Defs/ThingDef[defName = "HMW_MeleeWeapon_HeavyZeushammer"]</xpath>
					<value>
						<recipeMaker>
							<researchPrerequisites><li>HMW_RoyalArmaments</li></researchPrerequisites>
							<skillRequirements><Crafting>7</Crafting></skillRequirements>
							<workSkill>Crafting</workSkill>
							<workSpeedStat>GeneralLaborSpeed</workSpeedStat>
							<recipeUsers><li>FabricationBench</li></recipeUsers>
							<unfinishedThingDef>Misha_UnfinishedZeushammer</unfinishedThingDef>
						</recipeMaker>
					</value>
			</li>
			
			<li Class="PatchOperationAdd">
				<xpath>/Defs/ThingDef[defName = "HMW_MeleeWeapon_HeavyZeushammer"]/statBases</xpath>
					<value>
							<WorkToMake>80000</WorkToMake>
					</value>
			</li> -->
			
<!-- Psychic warhammer -->
			<li Class="PatchOperationAdd">
				<xpath>/Defs/ThingDef[defName = "HMW_MeleeWeapon_PsychicWarhammer"]</xpath>
					<value>
						<costList>
						    <Plasteel>90</Plasteel>
							<ComponentSpacer>7</ComponentSpacer>
							<Uranium>40</Uranium>
							<Gold>60</Gold>
						</costList>
					</value>
			</li>

			<li Class="PatchOperationAdd">
				<xpath>/Defs/ThingDef[defName = "HMW_MeleeWeapon_PsychicWarhammer"]</xpath>
					<value>
						<recipeMaker>
							<researchPrerequisites><li>HMW_RoyalArmaments</li></researchPrerequisites>
							<skillRequirements><Crafting>7</Crafting></skillRequirements>
							<workSkill>Crafting</workSkill>
							<workSpeedStat>GeneralLaborSpeed</workSpeedStat>
							<recipeUsers><li>FabricationBench</li></recipeUsers>
							<unfinishedThingDef>UnfinishedGun</unfinishedThingDef>
						</recipeMaker>
					</value>
			</li>
			
			<li Class="PatchOperationAdd">
				<xpath>/Defs/ThingDef[defName = "HMW_MeleeWeapon_PsychicWarhammer"]/statBases</xpath>
					<value>
							<WorkToMake>60000</WorkToMake>
					</value>
			</li>
			
<!-- zeus sword -->
			<li Class="PatchOperationAdd">
				<xpath>/Defs/ThingDef[defName = "HMW_MeleeWeapon_ZeusSword"]</xpath>
					<value>
						<costList>
							<Plasteel>110</Plasteel>
							<ComponentSpacer>6</ComponentSpacer>
							<Uranium>30</Uranium>
						</costList>
					</value>
			</li>

			<li Class="PatchOperationAdd">
				<xpath>/Defs/ThingDef[defName = "HMW_MeleeWeapon_ZeusSword"]</xpath>
					<value>
						<recipeMaker>
							<researchPrerequisites><li>HMW_RoyalArmaments</li></researchPrerequisites>
							<skillRequirements><Crafting>7</Crafting></skillRequirements>
							<workSkill>Crafting</workSkill>
							<workSpeedStat>GeneralLaborSpeed</workSpeedStat>
							<recipeUsers><li>FabricationBench</li></recipeUsers>
							<unfinishedThingDef>UnfinishedGun</unfinishedThingDef>
						</recipeMaker>
					</value>
			</li>
			
			<li Class="PatchOperationAdd">
				<xpath>/Defs/ThingDef[defName = "HMW_MeleeWeapon_ZeusSword"]/statBases</xpath>
					<value>
							<WorkToMake>80000</WorkToMake>
					</value>
			</li>
			</operations>
		</Operation>
</Patch>
