<?xml version="1.0" encoding="utf-8" ?>
<Defs>
  <ManeuverDef>
    <defName>SelfDamagingPoke</defName>
    <requiredCapacity>SelfDamagingPoke</requiredCapacity>
    <verb>
      <verbClass>HeavyMelee.Verb_SelfDamagingMelee</verbClass>
      <meleeDamageDef>Poke</meleeDamageDef>
    </verb>
    <logEntryDef>MeleeAttack</logEntryDef>
    <combatLogRulesHit>Maneuver_Poke_MeleeHit</combatLogRulesHit>
    <combatLogRulesDeflect>Maneuver_Poke_MeleeDeflect</combatLogRulesDeflect>
    <combatLogRulesMiss>Maneuver_Poke_MeleeMiss</combatLogRulesMiss>
    <combatLogRulesDodge>Maneuver_Poke_MeleeDodge</combatLogRulesDodge>
  </ManeuverDef>
  
  <ManeuverDef>
    <defName>SelfDamagingSmash</defName>
    <requiredCapacity>SelfDamagingBlunt</requiredCapacity>
    <verb>
      <verbClass>HeavyMelee.Verb_SelfDamagingMelee</verbClass>
      <meleeDamageDef>Blunt</meleeDamageDef>
    </verb>
    <logEntryDef>MeleeAttack</logEntryDef>
    <combatLogRulesHit>Maneuver_Smash_MeleeHit</combatLogRulesHit>
    <combatLogRulesDeflect>Maneuver_Smash_MeleeDeflect</combatLogRulesDeflect>
    <combatLogRulesMiss>Maneuver_Smash_MeleeMiss</combatLogRulesMiss>
    <combatLogRulesDodge>Maneuver_Smash_MeleeDodge</combatLogRulesDodge>
  </ManeuverDef>
  
</Defs>