<?xml version="1.0" encoding="utf-8" ?>
<Defs>
  <DamageDef Name="Flame">
    <defName>Flame30Degrees</defName>
    <workerClass>HeavyMelee.DamageWorker_Flame_30Degrees</workerClass>
    <label>flame</label>
    <hasForcefulImpact>false</hasForcefulImpact>
    <makesBlood>false</makesBlood>
    <canInterruptJobs>false</canInterruptJobs>
    <externalViolence>true</externalViolence>
    <deathMessage>{0} has burned to death.</deathMessage>
    <hediff>Burn</hediff>
    <armorCategory>Heat</armorCategory>
    <minDamageToFragment>15</minDamageToFragment>
    <defaultDamage>10</defaultDamage>
    <defaultArmorPenetration>0</defaultArmorPenetration>
    <explosionHeatEnergyPerCell>15</explosionHeatEnergyPerCell>
    <explosionCellMote>Mote_BlastFlame</explosionCellMote>
    <explosionColorCenter>(1, 0.7, 0.7)</explosionColorCenter>
    <explosionColorEdge>(1, 1, 0.7)</explosionColorEdge>
    <soundExplosion>Explosion_Flame</soundExplosion>
    <combatLogRules>Damage_Flame</combatLogRules>
    <canUseDeflectMetalEffect>false</canUseDeflectMetalEffect>
  </DamageDef>
  <ManeuverDef>
    <defName>PsychicSmash</defName>
    <requiredCapacity>PsychicSmash</requiredCapacity>
    <verb>
      <verbClass>Verb_MeleeAttackDamage</verbClass>
      <meleeDamageDef>PsychicSmash</meleeDamageDef>
    </verb>
    <logEntryDef>MeleeAttack</logEntryDef>
    <combatLogRulesHit>Maneuver_Smash_MeleeHit</combatLogRulesHit>
    <combatLogRulesDeflect>Maneuver_Smash_MeleeDeflect</combatLogRulesDeflect>
    <combatLogRulesMiss>Maneuver_Smash_MeleeMiss</combatLogRulesMiss>
    <combatLogRulesDodge>Maneuver_Smash_MeleeDodge</combatLogRulesDodge>
  </ManeuverDef>
  <ToolCapacityDef>
    <defName>PsychicSmash</defName>
    <label>Psychic Smash</label>
  </ToolCapacityDef>
  <DamageDef Name="BluntBase">
    <defName>PsychicSmash</defName>
    <label>psychic smash</label>
    <workerClass>HeavyMelee.DamageWorker_PsychicSmash</workerClass>
    <externalViolence>true</externalViolence>
    <deathMessage>{0} has been beaten to death.</deathMessage>
    <hediff>Crush</hediff>
    <hediffSkin>Bruise</hediffSkin>
    <hediffSolid>Crack</hediffSolid>
    <harmAllLayersUntilOutside>true</harmAllLayersUntilOutside>
    <impactSoundType>Blunt</impactSoundType>
    <armorCategory>Blunt</armorCategory>
    <overkillPctToDestroyPart>0.4~1.0</overkillPctToDestroyPart>
    <buildingDamageFactor>1.5</buildingDamageFactor>
    <bluntStunDuration>2.0</bluntStunDuration>
    <bluntInnerHitChance>0.4</bluntInnerHitChance>
    <bluntInnerHitDamageFractionToConvert>0.1~0.2</bluntInnerHitDamageFractionToConvert>
    <bluntInnerHitDamageFractionToAdd>0.2~0.35</bluntInnerHitDamageFractionToAdd>
    <bluntStunChancePerDamagePctOfCorePartToHeadCurve>
      <points>
        <li>(0.04, 0.20)</li>
        <li>(0.5, 1)</li>
      </points>
    </bluntStunChancePerDamagePctOfCorePartToHeadCurve>
    <bluntStunChancePerDamagePctOfCorePartToBodyCurve>
      <points>
        <li>(0.4, 0)</li>
        <li>(0.9, 0.15)</li>
      </points>
    </bluntStunChancePerDamagePctOfCorePartToBodyCurve>
  </DamageDef>
  <ManeuverDef>
    <defName>Cleave</defName>
    <requiredCapacity>Cleave</requiredCapacity>
    <verb>
      <verbClass>HeavyMelee.Verb_MeleeCleave</verbClass>
      <meleeDamageDef>Cut</meleeDamageDef>
    </verb>
    <logEntryDef>MeleeAttack</logEntryDef>
    <combatLogRulesHit>Maneuver_Slash_MeleeHit</combatLogRulesHit>
    <combatLogRulesDeflect>Maneuver_Slash_MeleeDeflect</combatLogRulesDeflect>
    <combatLogRulesMiss>Maneuver_Slash_MeleeMiss</combatLogRulesMiss>
    <combatLogRulesDodge>Maneuver_Slash_MeleeDodge</combatLogRulesDodge>
  </ManeuverDef>
  <ToolCapacityDef>
    <defName>Cleave</defName>
    <label>Cleave</label>
  </ToolCapacityDef>
</Defs>