<?xml version="1.0" encoding="utf-8" ?>
<Defs>

  <ThingDef ParentName="BaseWeapon_Bladelink">
    <defName>HMW_MeleeWeapon_PersonaHeavyMonoSword</defName>
    <label>persona heavy monosword</label>
    <description>A crystal-metallic heavy longsword infused with mechanites that maintain a mono-molecular cutting edge. It cuts through even thick armor with ease, and its light weight permits fast attacks.A crystal-metallic heavy longsword infused with mechanites that maintain a mono-molecular cutting edge. It cuts through even thick armor with ease, and its fearsome shape intimidates foes.
  \nIts great weight requires the user to wear an Exoframe, or falter under the burden.
	\nThis weapon has an onboard persona that can bond to only a single person. The wielder and intelligent weapon can synchronize their reflexes and attack with frightening speed, accuracy, and creativity. Once bonded to a wielder, the weapon's persona will refuse to be wielded by anyone else.</description>
    <soundInteract>Interact_MonoSword</soundInteract>
    <meleeHitSound>MeleeHit_MonoSword</meleeHitSound>
    <equippedAngleOffset>-85</equippedAngleOffset>
    <graphicData>
      <texPath>Weapons/KIT_MonoSword</texPath>
      <graphicClass>Graphic_Single</graphicClass>
      <drawSize>1.4</drawSize>
      <color>(255,200,200)</color>
    </graphicData>
    <statBases>
      <MarketValue>6000</MarketValue>
      <Mass>4</Mass>
    </statBases>
    <tools>
      <li>
        <label>handle</label>
        <capacities>
          <li>Blunt</li>
        </capacities>
        <power>18</power>
	<armorPenetration>0.2</armorPenetration>
        <cooldownTime>1.9</cooldownTime>
      </li>
      <li>
        <label>point</label>
        <capacities>
          <li>Stab</li>
        </capacities>
        <power>36</power>
        <cooldownTime>2.2</cooldownTime>
        <armorPenetration>0.9</armorPenetration>
      </li>
      <li>
        <label>edge</label>
        <capacities>
          <li>Cut</li>
        </capacities>
        <power>36</power>
        <cooldownTime>2.2</cooldownTime>
        <armorPenetration>0.9</armorPenetration>
      </li>
    </tools>
    <comps>
      <li Class="CompOversizedWeapon.CompProperties_OversizedWeapon">
        <northOffset>(0.25, 0, 0.2)</northOffset>
        <southOffset>(0.25, 0, 0.2)</southOffset>
        <eastOffset>(0, 0, 0.2)</eastOffset>
        <westOffset>(0, 0, 0.2)</westOffset>
      </li>
      <li Class="MVCF.Comps.CompProperties_VerbProps">
        <compClass>MVCF.Comps.Comp_VerbProps</compClass>
        <ConsiderMelee>true</ConsiderMelee>
        <verbProps>
          <li>
            <colonistOnly>true</colonistOnly>
            <label>Cleave</label>
          </li>
        </verbProps>
      </li>
    </comps>
    <verbs>
      <li>
        <label>Cleave</label>
        <verbClass>HeavyMelee.Verb_Cleave</verbClass>
        <isPrimary>true</isPrimary>
        <onlyManualCast>true</onlyManualCast>
        <range>1.9</range>
        <meleeDamageBaseAmount>60</meleeDamageBaseAmount>
        <meleeDamageDef>Cut</meleeDamageDef>
        <meleeArmorPenetrationBase>1</meleeArmorPenetrationBase>
        <hasStandardCommand>true</hasStandardCommand>
        <targetable>false</targetable>
        <targetParams>
          <canTargetSelf>true</canTargetSelf>
        </targetParams>
      </li>
    </verbs>
    <modExtensions>
      <li Class="HeavyWeapons.HeavyWeapon">
        <isHeavy>true</isHeavy>
        <supportedArmors>
          <li>VWE_Apparel_Exoframe</li>
          <li>SF_PoweredAssaultArmor</li>
          <li>SF_EngineerPowerArmor</li>
          <li>SF_ExplorerPowerArmor</li>
          <li>SF_GrenadierPowerArmor</li>
          <li>SF_CommandoArmor</li>
          <li>SF_HazardOperationsArmor</li>
          <li>SF_DiplomatPowerArmor</li>
          <li>SF_DefenderPowerArmor</li>
          <li>SF_ScoutPowerArmor</li>
          <li>SF_SamuraiPowerArmor</li>
          <li>SF_ShockTrooperArmor</li>
          <li>SF_ReconPowerArmor</li>
        </supportedArmors>
      </li>
    </modExtensions>
  </ThingDef>

  <!-- <ThingDef ParentName="BaseWeapon_Bladelink">
    <defName>HMW_MeleeWeapon_PersonaHeavyZeushammer</defName>
    <label>persona heavy zeushammer</label>
    <description>A heavy warhammer with an embedded EMP capacitor. Upon impact, it blasts the target with an EMP burst in addition to the physical damage.
	\nThis weapon has an onboard persona that can bond to only a single person. The wielder and intelligent weapon can synchronize their reflexes and attack with frightening speed, accuracy, and creativity. Once bonded to a wielder, the weapon's persona will refuse to be wielded by anyone else.</description>
    <soundInteract>Interact_ZeusHammer</soundInteract>
    <meleeHitSound>MeleeHit_ZeusHammer</meleeHitSound>
    <equippedAngleOffset>-65</equippedAngleOffset>
    <statBases>
      <MarketValue>6000</MarketValue>
      <Mass>4</Mass>
    </statBases>
    <graphicData>
      <texPath>Things/Item/Equipment/WeaponMelee/ZeusHammer</texPath>
      <graphicClass>Graphic_Single</graphicClass>
      <color>(255,200,200)</color>
    </graphicData>
    <tools>
      <li>
        <label>handle</label>
        <capacities>
          <li>Poke</li>
        </capacities>
        <power>20</power>
        <cooldownTime>2.5</cooldownTime>
      </li>
      <li>
        <label>head</label>
        <labelUsedInLogging>false</labelUsedInLogging>
        <capacities>
          <li>Blunt</li>
        </capacities>
        <power>38</power>
        <cooldownTime>3.6</cooldownTime>
        <extraMeleeDamages>
          <li>
            <def>EMP</def>
            <amount>9</amount>
          </li>
        </extraMeleeDamages>
      </li>
    </tools>
    <comps>
      <li>
        <compClass>CompOversizedWeapon.CompOversizedWeapon</compClass>
      </li>
    </comps>
    <tradeTags Inherit="False" />
    <thingCategories Inherit="False" />
    <weaponTags Inherit="False" />
    <thingSetMakerTags Inherit="False" />
    <smeltable>false</smeltable>
    <burnableByRecipe>false</burnableByRecipe>
    <modExtensions>
      <li Class="HeavyWeapons.HeavyWeapon">
        <isHeavy>true</isHeavy>
        <supportedArmors>
          <li>VWE_Apparel_Exoframe</li>
        </supportedArmors>
      </li>
    </modExtensions>
  </ThingDef> -->

  <ThingDef ParentName="BaseWeapon_Bladelink">
    <defName>HMW_MeleeWeapon_PersonaFlameLance</defName>
    <label>persona plasmalance</label>
    <description>A metal-cored lance with a cutting edge that is able to set enemies on fire. The lance is capable of firing an incendiary charge, breaking defensive lines and roasting bugs. 
  \nIts great weight requires the user to wear an Exoframe or flatter under the burden.
	\nThis weapon has an onboard persona that can bond to only a single person. The wielder and intelligent weapon can synchronize their reflexes and attack with frightening speed, accuracy, and creativity. Once bonded to a wielder, the weapon's persona will refuse to be wielded by anyone else.</description>
    <soundInteract>Interact_PlasmaSword</soundInteract>
    <meleeHitSound>MeleeHit_PlasmaSword</meleeHitSound>
    <equippedAngleOffset>0</equippedAngleOffset>
    <statBases>
      <MarketValue>6000</MarketValue>
      <Mass>4</Mass>
    </statBases>
    <graphicData>
      <texPath>Weapons/KIT_PlasmaLance</texPath>
      <graphicClass>Graphic_Single</graphicClass>
      <drawSize>1.6</drawSize>
      <color>(255,200,200)</color>
    </graphicData>
    <tools>
      <li>
        <label>handle</label>
        <capacities>
          <li>Blunt</li>
        </capacities>
        <power>16</power>
        <cooldownTime>2.3</cooldownTime>
      </li>
      <li>
        <label>point</label>
        <capacities>
          <li>Stab</li>
        </capacities>
        <power>26</power>
        <cooldownTime>2.5</cooldownTime>
        <extraMeleeDamages>
          <li>
            <def>Flame</def>
            <amount>14</amount>
            <chance>1.0</chance>
          </li>
        </extraMeleeDamages>
      </li>
      <li>
        <label>edge</label>
        <capacities>
          <li>Cut</li>
        </capacities>
        <power>26</power>
        <cooldownTime>2.5</cooldownTime>
        <extraMeleeDamages>
          <li>
            <def>Flame</def>
            <amount>14</amount>
            <chance>1.0</chance>
          </li>
        </extraMeleeDamages>
      </li>
    </tools>
    <verbs>
      <li>
        <label>Flame Burst</label>
        <verbClass>HeavyMelee.Verb_ReloadableSelfExplode</verbClass>
        <isPrimary>true</isPrimary>
        <onlyManualCast>true</onlyManualCast>
        <range>12</range>
        <meleeDamageBaseAmount>10</meleeDamageBaseAmount>
        <meleeDamageDef>Flame30Degrees</meleeDamageDef>
        <hasStandardCommand>true</hasStandardCommand>
        <targetable>false</targetable>
        <nonInterruptingSelfCast>true</nonInterruptingSelfCast>
      </li>
    </verbs>
    <comps>
      <li Class="MVCF.Comps.CompProperties_VerbProps">
        <compClass>MVCF.Comps.Comp_VerbProps</compClass>
        <ConsiderMelee>true</ConsiderMelee>
        <verbProps>
          <li>
            <colonistOnly>true</colonistOnly>
            <label>Flame Burst</label>
          </li>
        </verbProps>
      </li>
      <li Class="Reloading.CompProperties_Reloadable">
        <compClass>Reloading.CompReloadable</compClass>
        <AmmoFilter>
          <thingDefs>
            <li>Chemfuel</li>
          </thingDefs>
        </AmmoFilter>
        <MaxShots>6</MaxShots>
        <ItemsPerShot>30</ItemsPerShot>
        <ReloadTimePerShot>0.33</ReloadTimePerShot>
      </li>
      <li>
        <compClass>CompOversizedWeapon.CompOversizedWeapon</compClass>
      </li>
    </comps>
    <modExtensions>
      <li Class="HeavyWeapons.HeavyWeapon">
        <isHeavy>true</isHeavy>
        <supportedArmors>
          <li>VWE_Apparel_Exoframe</li>
          <li>SF_PoweredAssaultArmor</li>
          <li>SF_EngineerPowerArmor</li>
          <li>SF_ExplorerPowerArmor</li>
          <li>SF_GrenadierPowerArmor</li>
          <li>SF_CommandoArmor</li>
          <li>SF_HazardOperationsArmor</li>
          <li>SF_DiplomatPowerArmor</li>
          <li>SF_DefenderPowerArmor</li>
          <li>SF_ScoutPowerArmor</li>
          <li>SF_SamuraiPowerArmor</li>
          <li>SF_ShockTrooperArmor</li>
          <li>SF_ReconPowerArmor</li>
        </supportedArmors>
      </li>
      <li Class="VFECore.ThingDefExtension">
        <usableWithShields>true</usableWithShields>
      </li>
    </modExtensions>
  </ThingDef>

  <ThingDef ParentName="BaseWeapon_Bladelink">
    <defName>HMW_MeleeWeapon_PersonaPsychicWarhammer</defName>
    <label>persona relic maul</label>
    <description>An ultratech maul threaded with psychic focusing materials. A replica of the old legend, its main purpose is to enhance the wielder's psychic sensitivity and neural heat dissipation, allowing more use of psychic powers.
  \nIts great weight requires the user to wear an Exoframe, or flatter under the burden.
	\nThis weapon has an onboard persona that can bond to only a single person. The wielder and intelligent weapon can synchronize their reflexes and attack with frightening speed, accuracy, and creativity. Once bonded to a wielder, the weapon's persona will refuse to be wielded by anyone else.</description>
    <soundInteract>Interact_ZeusHammer</soundInteract>
    <meleeHitSound>MeleeHit_ZeusHammer</meleeHitSound>
    <equippedAngleOffset>-85</equippedAngleOffset>
    <graphicData>
      <texPath>Weapons/KIT_RelicHammer</texPath>
      <graphicClass>Graphic_Single</graphicClass>
      <drawSize>1.6</drawSize>
      <color>(255,200,200)</color>
    </graphicData>
    <statBases>
      <MarketValue>6000</MarketValue>
      <Mass>4</Mass>
    </statBases>
    <tools>
      <li>
        <label>handle</label>
        <capacities>
          <li>Poke</li>
        </capacities>
        <power>20</power>
        <cooldownTime>2.8</cooldownTime>
      </li>
      <li>
        <label>head</label>
        <labelUsedInLogging>false</labelUsedInLogging>
        <capacities>
          <li>PsychicSmash</li>
        </capacities>
        <power>38</power>
        <cooldownTime>4.1</cooldownTime>
      </li>
    </tools>
    <comps>
      <li Class="HeavyMelee.CompProperties_PsychicShock">
        <PsyfocusCost>0.1</PsyfocusCost>
      </li>
      <li Class="CompOversizedWeapon.CompProperties_OversizedWeapon">
        <northOffset>(0.4, 0, 0.1)</northOffset>
        <southOffset>(0.4, 0, 0.1)</southOffset>
        <eastOffset>(0.2, 0, 0.1)</eastOffset>
        <westOffset>(-0.1, 0, 0.1)</westOffset>
      </li>
    </comps>
    <equippedStatOffsets>
      <PsychicSensitivityOffset>0.50</PsychicSensitivityOffset>
      <PsychicEntropyRecoveryRate>0.083</PsychicEntropyRecoveryRate>
    </equippedStatOffsets>
    <modExtensions>
      <li Class="HeavyWeapons.HeavyWeapon">
        <isHeavy>true</isHeavy>
        <supportedArmors>
          <li>VWE_Apparel_Exoframe</li>
          <li>SF_PoweredAssaultArmor</li>
          <li>SF_EngineerPowerArmor</li>
          <li>SF_ExplorerPowerArmor</li>
          <li>SF_GrenadierPowerArmor</li>
          <li>SF_CommandoArmor</li>
          <li>SF_HazardOperationsArmor</li>
          <li>SF_DiplomatPowerArmor</li>
          <li>SF_DefenderPowerArmor</li>
          <li>SF_ScoutPowerArmor</li>
          <li>SF_SamuraiPowerArmor</li>
          <li>SF_ShockTrooperArmor</li>
          <li>SF_ReconPowerArmor</li>
        </supportedArmors>
      </li>
    </modExtensions>
  </ThingDef>

  <ThingDef ParentName="BaseWeapon_Bladelink">
    <defName>HMW_MeleeWeapon_PersonaZeusSword</defName>
    <label>persona burst  blade</label>
    <description>A crystal-metallic greatsword infused with mechanites that maintain a mono-molecular cutting edge. The sword has built-in EMP emmiters, shocking those unfortunate enough to be on the recieving end of it.
  \nIt cuts through even thick armor with ease, but its great weight requires the use of an exoframe or similar apparel.
	\nThis weapon has an onboard persona that can bond to only a single person. The wielder and intelligent weapon can synchronize their reflexes and attack with frightening speed, accuracy, and creativity. Once bonded to a wielder, the weapon's persona will refuse to be wielded by anyone else.</description>
    <soundInteract>Interact_MonoSword</soundInteract>
    <meleeHitSound>MeleeHit_ZeusSword</meleeHitSound>
    <equippedAngleOffset>-98</equippedAngleOffset>
    <graphicData>
      <texPath>Weapons/KIT_ZeusSword</texPath>
      <graphicClass>Graphic_Single</graphicClass>
      <drawSize>1.6</drawSize>
      <color>(255,200,200)</color>
    </graphicData>
    <statBases>
      <MarketValue>6000</MarketValue>
      <Mass>4</Mass>
    </statBases>
    <tools>
      <li>
        <label>handle</label>
        <capacities>
          <li>Blunt</li>
        </capacities>
        <power>18</power>
        <cooldownTime>1.9</cooldownTime>
      </li>
      <li>
        <label>point</label>
        <capacities>
          <li>Stab</li>
        </capacities>
        <power>36</power>
        <cooldownTime>2.2</cooldownTime>
        <armorPenetration>0.55</armorPenetration>
        <extraMeleeDamages>
          <li>
            <def>EMP</def>
            <amount>9</amount>
          </li>
        </extraMeleeDamages>
      </li>
      <li>
        <label>edge</label>
        <capacities>
          <li>Cut</li>
        </capacities>
        <power>36</power>
        <cooldownTime>2.2</cooldownTime>
        <armorPenetration>0.55</armorPenetration>
        <extraMeleeDamages>
          <li>
            <def>EMP</def>
            <amount>9</amount>
          </li>
        </extraMeleeDamages>
      </li>
    </tools>
    <verbs>
      <li>
        <label>EMP Burst</label>
        <verbClass>HeavyMelee.Verb_ReloadableSelfExplode</verbClass>
        <isPrimary>true</isPrimary>
        <onlyManualCast>true</onlyManualCast>
        <range>6</range>
        <meleeDamageBaseAmount>10</meleeDamageBaseAmount>
        <meleeDamageDef>EMP</meleeDamageDef>
        <hasStandardCommand>true</hasStandardCommand>
        <targetable>false</targetable>
        <nonInterruptingSelfCast>true</nonInterruptingSelfCast>
      </li>
    </verbs>
    <comps>
      <li Class="MVCF.Comps.CompProperties_VerbProps">
        <compClass>MVCF.Comps.Comp_VerbProps</compClass>
        <ConsiderMelee>true</ConsiderMelee>
        <verbProps>
          <li>
            <colonistOnly>true</colonistOnly>
            <label>EMP Burst</label>
          </li>
        </verbProps>
      </li>
      <li Class="Reloading.CompProperties_Reloadable">
        <compClass>Reloading.CompReloadable</compClass>
        <AmmoFilter>
          <thingDefs>
            <li>ComponentIndustrial</li>
          </thingDefs>
        </AmmoFilter>
        <MaxShots>6</MaxShots>
        <ItemsPerShot>1</ItemsPerShot>
        <ReloadTimePerShot>0.33</ReloadTimePerShot>
      </li>
      <li Class="CompOversizedWeapon.CompProperties_OversizedWeapon">
        <northOffset>(0, 0, 0.5)</northOffset>
        <southOffset>(0.2, 0, 0.5)</southOffset>
        <eastOffset>(0, 0, 0.5)</eastOffset>
        <westOffset>(0, 0, 0.5)</westOffset>
      </li>
    </comps>
    <modExtensions>
      <li Class="HeavyWeapons.HeavyWeapon">
        <isHeavy>true</isHeavy>
        <supportedArmors>
          <li>VWE_Apparel_Exoframe</li>
          <li>SF_PoweredAssaultArmor</li>
          <li>SF_EngineerPowerArmor</li>
          <li>SF_ExplorerPowerArmor</li>
          <li>SF_GrenadierPowerArmor</li>
          <li>SF_CommandoArmor</li>
          <li>SF_HazardOperationsArmor</li>
          <li>SF_DiplomatPowerArmor</li>
          <li>SF_DefenderPowerArmor</li>
          <li>SF_ScoutPowerArmor</li>
          <li>SF_SamuraiPowerArmor</li>
          <li>SF_ShockTrooperArmor</li>
          <li>SF_ReconPowerArmor</li>
        </supportedArmors>
      </li>
    </modExtensions>
  </ThingDef>
</Defs>
